Dataset,UC,File,Functional.Duplication,Use.Case.Naming.Problems,Inappropriate.Scope,Incoherent.Text.Order,Inputs.or.Outputs.not.quantified,Contains.NFRs,Contains.Actor.Actor.Interaction,Contains.justifications,Coordination.Ambiguity,Contains.UI.Design.Details,Contains.Alternative,Inconsistent.Level.of.Abstraction,Contains.Clarification,uc,happy_ucs,large_ucs,meaningless_actor,meaningless_uc,nfrs,coherence,number_of_linked_target_artifacts,max_number_of_refs_to_target_artifacts,ratio_of_anaphora,ratio_of_optional,ratio_of_starts_without_nounphrase,ratio_of_incomplete_comparisons,ratio_of_passive,ratio_of_negation,max_requirements_length,max_sentence_complexity
etour,1,UC1,FALSE,FALSE,FALSE,FALSE,FALSE,FALSE,FALSE,FALSE,0,0,0,0,0,UC1,TRUE,4,1,FALSE,TRUE,0,4,5,0.25,0,1,0,0,0,23,7
etour,2,UC2,FALSE,FALSE,FALSE,FALSE,FALSE,FALSE,FALSE,FALSE,0,0,0,0,0,UC2,TRUE,6,1,FALSE,TRUE,0.4,6,6,0,0,1,0,0,0,28,6
etour,3,UC3,FALSE,FALSE,FALSE,FALSE,FALSE,FALSE,FALSE,FALSE,0,0,0.16666666666666666,0,0,UC3,TRUE,6,1,FALSE,TRUE,0.4,6,6,0.1666666666666666,0,0.8333333333333334,0,0,0,28,7
etour,4,UC4,FALSE,FALSE,FALSE,FALSE,FALSE,TRUE,FALSE,FALSE,0,0,0,0,0,UC4,TRUE,4,1,FALSE,TRUE,0.3333333333333333,9,6,0,0,1,0,0,0,9,2
etour,5,UC5,FALSE,FALSE,FALSE,FALSE,FALSE,FALSE,FALSE,FALSE,0,0,0,0,0,UC5,TRUE,2,1,FALSE,FALSE,0,4,6,0.5,0,1,0,0,0,26,7
etour,6,UC6,FALSE,FALSE,FALSE,FALSE,FALSE,FALSE,FALSE,FALSE,0,0,0,0,0,UC6,TRUE,4,1,FALSE,FALSE,0,3,6,0.25,0,1,0,0,0,25,8
etour,7,UC7,FALSE,FALSE,FALSE,FALSE,FALSE,FALSE,TRUE,FALSE,0,0,0,0,0,UC7,TRUE,6,1,FALSE,FALSE,0.4,4,6,0,0,1,0,0,0,18,5
etour,8,UC8,FALSE,FALSE,FALSE,FALSE,TRUE,FALSE,FALSE,FALSE,0,0,0.16666666666666666,0,0,UC8,TRUE,6,1,FALSE,TRUE,0.6,5,18,0.1666666666666666,0,0.8333333333333334,0,0,0,30,7
etour,9,UC9,FALSE,FALSE,FALSE,FALSE,FALSE,TRUE,FALSE,FALSE,0,0,0,0,0,UC9,TRUE,4,1,FALSE,TRUE,0.3333333333333333,8,6,0,0,1,0,0,0,10,3
etour,10,UC10,FALSE,FALSE,FALSE,FALSE,FALSE,FALSE,FALSE,FALSE,0,0,0,0,0,UC10,TRUE,2,1,FALSE,FALSE,0,7,7,0.5,0,1,0,0,0,27,8
etour,11,UC11,FALSE,FALSE,FALSE,FALSE,FALSE,FALSE,FALSE,FALSE,0,0,0,0,0,UC11,TRUE,2,1,FALSE,FALSE,1,2,3,0,0,1,0,0,0,10,3
etour,12,UC12,FALSE,FALSE,FALSE,FALSE,FALSE,FALSE,FALSE,FALSE,0,0,0,0,0,UC12,TRUE,2,1,FALSE,FALSE,0,4,7,0,0,0.5,0,0,0,22,6
etour,13,UC13,FALSE,FALSE,FALSE,FALSE,FALSE,FALSE,FALSE,FALSE,0.75,0,0,0,0,UC13,TRUE,4,1,FALSE,FALSE,0.3333333333333333,5,7,0.25,0,0.75,0,0,0,14,4
etour,14,UC14,FALSE,FALSE,FALSE,FALSE,FALSE,FALSE,FALSE,FALSE,0,0,0,0,0,UC14,TRUE,4,1,FALSE,FALSE,0.3333333333333333,5,7,0,0,1,0,0,0,8,2
etour,15,UC15,FALSE,FALSE,FALSE,FALSE,FALSE,FALSE,FALSE,FALSE,0,0,0.16666666666666666,0.16666666666666666,0,UC15,TRUE,6,1,FALSE,FALSE,0.4,6,18,0.1666666666666666,0,0.6666666666666666,0,0,0,27,6
etour,16,UC16,FALSE,FALSE,FALSE,FALSE,FALSE,FALSE,FALSE,FALSE,0,0,0,0,0,UC16,TRUE,4,1,FALSE,FALSE,0,4,7,0,0,0.75,0,0,0,20,6
etour,17,UC17,FALSE,FALSE,FALSE,FALSE,FALSE,FALSE,FALSE,FALSE,0,0,0.125,0,0,UC17,TRUE,8,1,FALSE,FALSE,0.4285714285714285,12,18,0,0,0.875,0,0,0.125,34,7
etour,18,UC18,FALSE,FALSE,FALSE,FALSE,FALSE,FALSE,FALSE,FALSE,0,0,0.3333333333333333,0,0,UC18,TRUE,3,1,FALSE,FALSE,0.5,5,7,0,0,0.3333333333333333,0,0,0.3333333333333333,41,9
etour,19,UC19,FALSE,FALSE,FALSE,FALSE,FALSE,FALSE,FALSE,FALSE,0,0,0,0,0,UC19,TRUE,6,1,FALSE,FALSE,0.4,9,9,0,0,1,0,0,0,25,6
etour,20,UC20,FALSE,FALSE,FALSE,FALSE,FALSE,FALSE,FALSE,FALSE,0,0,0.16666666666666666,0,0,UC20,TRUE,6,1,FALSE,FALSE,0.6,12,18,0,0,1,0,0,0.1666666666666666,50,11
etour,21,UC21,FALSE,FALSE,FALSE,FALSE,FALSE,FALSE,FALSE,FALSE,0,0,0.16666666666666666,0.16666666666666666,0,UC21,TRUE,6,1,FALSE,FALSE,0.2,7,18,0,0,0.8333333333333334,0,0,0,28,6
etour,22,UC22,FALSE,FALSE,FALSE,FALSE,FALSE,FALSE,FALSE,FALSE,0,0,0,0.16666666666666666,0,UC22,TRUE,6,1,FALSE,FALSE,0.6,5,9,0,0,1,0,0,0,11,3
etour,23,UC23,FALSE,FALSE,FALSE,FALSE,FALSE,FALSE,FALSE,FALSE,0,0,0.125,0.125,0,UC23,TRUE,8,1,FALSE,FALSE,1,7,18,0.125,0,0.875,0,0,0,28,6
etour,24,UC24,FALSE,FALSE,FALSE,FALSE,FALSE,FALSE,FALSE,FALSE,0,0,0,0,0,UC24,TRUE,2,1,FALSE,FALSE,0,10,7,0.5,0,0.5,0,0,0,25,8
etour,25,UC25,FALSE,FALSE,FALSE,FALSE,FALSE,FALSE,FALSE,FALSE,0,0,0,0,0,UC25,TRUE,4,1,FALSE,FALSE,0.6666666666666666,3,7,0.25,0,1,0,0,0,21,5
etour,26,UC26,FALSE,FALSE,FALSE,FALSE,FALSE,FALSE,FALSE,FALSE,0,0,0.125,0.125,0,UC26,TRUE,8,1,FALSE,FALSE,0.4285714285714285,2,3,0.25,0,1,0,0,0,28,9
etour,27,UC27,FALSE,FALSE,FALSE,FALSE,FALSE,TRUE,FALSE,FALSE,0,0,0,0,0,UC27,TRUE,4,1,FALSE,TRUE,0.3333333333333333,1,6,0,0,1,0,0,0,8,2
etour,28,UC28,FALSE,FALSE,FALSE,FALSE,FALSE,FALSE,FALSE,FALSE,0,0,0,0.25,0,UC28,TRUE,4,1,FALSE,FALSE,0.3333333333333333,5,3,0.25,0,0.75,0,0,0,15,5
etour,29,UC29,FALSE,FALSE,FALSE,FALSE,FALSE,FALSE,FALSE,FALSE,0,0,0,0.3333333333333333,0,UC29,TRUE,3,1,FALSE,FALSE,0.5,1,3,0.3333333333333333,0,0.3333333333333333,0,0,0,12,3
etour,30,UC30,FALSE,FALSE,FALSE,FALSE,FALSE,FALSE,FALSE,FALSE,0,0,0.25,0,0,UC30,TRUE,4,1,FALSE,FALSE,0.6666666666666666,4,3,0,0,1,0,0,0,44,7
etour,31,UC31,FALSE,FALSE,FALSE,FALSE,FALSE,FALSE,FALSE,FALSE,0,0,0,0,0,UC31,TRUE,4,1,FALSE,FALSE,0.6666666666666666,3,2,0,0,1,0,0,0,12,3
etour,32,UC32,FALSE,FALSE,FALSE,FALSE,FALSE,FALSE,FALSE,FALSE,0,0,0,0,0,UC32,TRUE,3,1,FALSE,FALSE,0,2,2,0,0,0.6666666666666666,0,0,0,8,3
etour,33,UC33,FALSE,FALSE,TRUE,FALSE,FALSE,FALSE,FALSE,FALSE,0,0,0.16666666666666666,0.16666666666666666,0,UC33,TRUE,6,1,FALSE,FALSE,0.2,6,18,0,0,1,0,0,0,28,6
etour,34,UC34,FALSE,FALSE,FALSE,FALSE,FALSE,FALSE,FALSE,FALSE,0,0,0,0,0,UC34,TRUE,4,1,FALSE,FALSE,0.3333333333333333,5,7,0,0,1,0,0,0,16,5
etour,35,UC35,FALSE,FALSE,FALSE,FALSE,FALSE,FALSE,FALSE,FALSE,0,0,0.25,0,0,UC35,TRUE,4,1,FALSE,FALSE,0.3333333333333333,4,18,0,0,1,0,0,0.25,16,4
etour,36,UC36,FALSE,FALSE,FALSE,FALSE,FALSE,FALSE,FALSE,FALSE,0,0,0,0,0,UC36,TRUE,3,1,FALSE,FALSE,0.5,2,18,0,0,0.3333333333333333,0,0,0.3333333333333333,19,4
etour,37,UC37,FALSE,FALSE,FALSE,FALSE,FALSE,FALSE,FALSE,FALSE,0,0,0,0,0,UC37,TRUE,4,1,TRUE,FALSE,0,0,0,0,0,1,0,0,0,9,3
etour,38,UC38,FALSE,FALSE,FALSE,FALSE,FALSE,FALSE,FALSE,FALSE,0,0,0.16666666666666666,0,0,UC38,TRUE,6,1,FALSE,FALSE,0.6,10,18,0,0,1,0,0,0.1666666666666666,50,11
etour,39,UC39,FALSE,FALSE,FALSE,FALSE,FALSE,FALSE,FALSE,FALSE,0,0,0.125,0,0,UC39,TRUE,8,1,FALSE,FALSE,0.4285714285714285,10,18,0,0,0.875,0,0,0.125,34,7
etour,40,UC40,FALSE,FALSE,FALSE,FALSE,FALSE,FALSE,FALSE,FALSE,0,0,0,0,0,UC40,TRUE,6,1,FALSE,FALSE,0.4,7,9,0,0,1,0,0,0,13,4
etour,41,UC41,FALSE,FALSE,FALSE,FALSE,FALSE,FALSE,FALSE,FALSE,0,0,0.125,0.125,0,UC41,TRUE,8,1,FALSE,FALSE,0.5714285714285714,6,2,0.125,0,0.875,0,0,0,27,5
etour,42,UC42,FALSE,FALSE,FALSE,FALSE,FALSE,FALSE,FALSE,FALSE,0,0,0,0,0,UC42,TRUE,6,1,FALSE,FALSE,0.2,6,2,0,0,0.8333333333333334,0,0,0,11,3
etour,43,UC43,FALSE,FALSE,FALSE,FALSE,FALSE,FALSE,FALSE,FALSE,0,0,0.16666666666666666,0.16666666666666666,0,UC43,TRUE,6,1,FALSE,FALSE,0.6,7,18,0,0,0.8333333333333334,0,0,0,28,6
etour,44,UC44,FALSE,FALSE,FALSE,FALSE,FALSE,FALSE,FALSE,FALSE,0,0,0.16666666666666666,0,0,UC44,TRUE,6,1,FALSE,FALSE,0.4,3,18,0,0,0.8333333333333334,0,0,0,28,6
etour,45,UC45,FALSE,FALSE,FALSE,FALSE,FALSE,FALSE,FALSE,FALSE,0,0,0,0,0,UC45,TRUE,2,1,FALSE,FALSE,1,4,7,0,0,1,0,0,0,13,5
etour,46,UC46,FALSE,FALSE,FALSE,FALSE,FALSE,FALSE,FALSE,FALSE,0,0,0,0.16666666666666666,0,UC46,TRUE,6,1,FALSE,FALSE,0.6,6,6,0,0,0.6666666666666666,0,0,0,11,4
etour,47,UC47,FALSE,FALSE,FALSE,FALSE,FALSE,FALSE,FALSE,FALSE,0,0,0.16666666666666666,0.16666666666666666,0,UC47,TRUE,6,1,FALSE,FALSE,0.6,7,7,0,0,0.5,0,0,0,28,6
etour,48,UC48,FALSE,FALSE,FALSE,FALSE,FALSE,FALSE,FALSE,FALSE,0,0,0,0.16666666666666666,0,UC48,TRUE,6,1,FALSE,FALSE,0.4,5,6,0,0,0.6666666666666666,0,0,0,11,4
etour,49,UC49,FALSE,FALSE,FALSE,FALSE,FALSE,FALSE,FALSE,FALSE,0,0,0,0,0,UC49,TRUE,2,1,FALSE,FALSE,1,6,7,0,0,1,0,0,0,11,3
etour,50,UC50,FALSE,FALSE,FALSE,FALSE,FALSE,FALSE,FALSE,FALSE,0,0,0,0,0,UC50,TRUE,2,1,FALSE,FALSE,1,7,18,0.5,0,1,0,0,0,13,5
etour,51,UC51,FALSE,FALSE,FALSE,FALSE,FALSE,FALSE,FALSE,FALSE,0,0,0,0,0,UC51,TRUE,4,1,FALSE,FALSE,0,5,18,0,0,0.75,0,0,0,14,4
etour,52,UC52,FALSE,FALSE,FALSE,FALSE,FALSE,FALSE,FALSE,FALSE,0,0,0,0,0,UC52,TRUE,4,1,FALSE,FALSE,0.3333333333333333,6,7,0,0,0.75,0,0,0,14,4
etour,53,UC53,FALSE,FALSE,FALSE,FALSE,FALSE,FALSE,FALSE,FALSE,0,0,0.3333333333333333,0.16666666666666666,0,UC53,TRUE,6,1,FALSE,FALSE,0.6,6,18,0,0,1,0,0,0.1666666666666666,46,11
etour,54,UC54,FALSE,FALSE,FALSE,FALSE,FALSE,FALSE,FALSE,FALSE,0,0,0.25,0,0,UC54,TRUE,4,1,FALSE,FALSE,0.3333333333333333,8,18,0,0,0.75,0,0,0,28,6
etour,55,UC55,FALSE,FALSE,FALSE,FALSE,FALSE,FALSE,FALSE,FALSE,0,0,0,0,0,UC55,TRUE,3,1,FALSE,FALSE,0,3,18,0,0,0,0,0,0,22,6
etour,56,UC56,FALSE,FALSE,FALSE,FALSE,FALSE,TRUE,FALSE,FALSE,0,0,0,1,0,UC56,TRUE,3,1,FALSE,TRUE,1,4,6,0,0,0,0,0,0,12,4
etour,57,UC57,FALSE,FALSE,FALSE,FALSE,FALSE,TRUE,FALSE,FALSE,0,0,0,0,0,UC57,TRUE,4,1,FALSE,TRUE,0.6666666666666666,1,6,0,0,1,0,0,0,18,4
etour,58,UC58,FALSE,FALSE,FALSE,FALSE,FALSE,FALSE,FALSE,FALSE,0,0,0,0,0,UC58,TRUE,2,1,FALSE,FALSE,0,4,6,0,0,1,0,0,0,12,3
itrust,1,UC1S1,FALSE,FALSE,FALSE,FALSE,FALSE,TRUE,FALSE,FALSE,0,0,0,0,0,UC1,FALSE,11,0,FALSE,FALSE,0.6,4,32,0.1666666666666666,0,0,0,0.1666666666666666,0.3333333333333333,32,7
itrust,1,UC1S2,FALSE,FALSE,FALSE,FALSE,FALSE,FALSE,FALSE,FALSE,0,0,0,0,0,UC1,FALSE,11,0,FALSE,FALSE,0,0,0,0,0,0,0,0.5,0,12,3
itrust,1,UC1E1,FALSE,FALSE,FALSE,FALSE,FALSE,FALSE,FALSE,FALSE,0,0,0,0,0,UC1,FALSE,11,0,FALSE,FALSE,-1,1,1,1,0,0,0,0,1,35,9
itrust,1,UC1E2,FALSE,FALSE,FALSE,FALSE,FALSE,FALSE,FALSE,FALSE,0,0,0,0,0,UC1,FALSE,11,0,FALSE,FALSE,1,0,0,0.5,0,0,0,1,0,24,4
itrust,2,UC2S1,FALSE,FALSE,FALSE,FALSE,FALSE,FALSE,FALSE,FALSE,0,0.2222222222222222,0,0,0,UC2,FALSE,12,0,FALSE,FALSE,0.5,3,32,0.1111111111111111,0,0.1111111111111111,0,0.3333333333333333,0,44,12
itrust,2,UC2S2,FALSE,FALSE,FALSE,FALSE,FALSE,FALSE,FALSE,FALSE,0,0,0,0,0,UC2,FALSE,12,0,FALSE,FALSE,-1,3,32,0,0,0,0,0,0,23,6
itrust,2,UC2E2,FALSE,FALSE,FALSE,FALSE,FALSE,FALSE,FALSE,FALSE,0,0,0,0,0,UC2,FALSE,12,0,FALSE,FALSE,1,1,1,0.5,0,0,0,1,0,24,4
itrust,3,UC3S1,FALSE,FALSE,FALSE,FALSE,FALSE,FALSE,FALSE,FALSE,0,0,0,0,0,UC3,FALSE,10,0,FALSE,FALSE,-1,1,5,0,0,1,0,1,1,26,4
itrust,3,UC3S2,FALSE,FALSE,FALSE,FALSE,FALSE,FALSE,FALSE,FALSE,0,0,0,0,0,UC3,FALSE,10,0,FALSE,FALSE,0,3,32,0.5,0,0,0,0.5,0,15,4
itrust,3,UC3S3,FALSE,FALSE,FALSE,TRUE,FALSE,FALSE,FALSE,FALSE,0,0,0,0,0,UC3,FALSE,10,0,FALSE,FALSE,1,3,1,0.5,0,0.5,0,0,0,29,9
itrust,3,UC3S4,FALSE,FALSE,FALSE,FALSE,FALSE,FALSE,FALSE,FALSE,0,0,0,0,0,UC3,FALSE,10,0,FALSE,FALSE,-1,4,10,1,0,0,0,1,0,60,16
itrust,3,UC3S5,FALSE,FALSE,FALSE,FALSE,FALSE,FALSE,FALSE,FALSE,0,0,0,0,0,UC3,FALSE,10,0,FALSE,FALSE,-1,3,8,0,0,0,0,1,0,17,5
itrust,3,UC3E1,FALSE,FALSE,FALSE,FALSE,FALSE,FALSE,FALSE,FALSE,0,0,0,0.5,0,UC3,FALSE,10,0,FALSE,FALSE,1,2,32,0,0,0.5,0,0,0,32,7
itrust,3,UC3E2,FALSE,FALSE,FALSE,FALSE,FALSE,FALSE,FALSE,FALSE,0,0,0,0,0,UC3,FALSE,10,0,FALSE,FALSE,-1,1,5,0,0,1,0,1,1,27,7
itrust,4,UC4S1,FALSE,FALSE,FALSE,FALSE,FALSE,FALSE,FALSE,FALSE,0,0,0,0,0,UC4,FALSE,7,0,FALSE,FALSE,1,5,32,0.5,0,0.5,0,0.5,0.5,47,7
itrust,4,UC4S2,FALSE,FALSE,FALSE,FALSE,FALSE,FALSE,FALSE,FALSE,0,0,0,0,0,UC4,FALSE,7,0,FALSE,FALSE,-1,4,24,0,0,0,0,0,0,31,7
itrust,4,UC4S3,FALSE,FALSE,FALSE,FALSE,FALSE,FALSE,FALSE,FALSE,0,0,0,0,0,UC4,FALSE,7,0,FALSE,FALSE,-1,4,32,0,0,0,0,0,0,15,3
itrust,4,UC4S4,FALSE,FALSE,FALSE,FALSE,FALSE,FALSE,FALSE,FALSE,0,0,0,0,0,UC4,FALSE,7,0,FALSE,FALSE,-1,1,8,0,0,0,0,0,0,17,5
itrust,4,UC4E1,FALSE,FALSE,FALSE,FALSE,FALSE,FALSE,FALSE,FALSE,0,0,0,0,0,UC4,FALSE,7,0,FALSE,FALSE,-1,3,1,1,0,0,0,0,1,40,10
itrust,4,UC4E2,FALSE,FALSE,FALSE,FALSE,FALSE,FALSE,FALSE,FALSE,0,0,0,0,0,UC4,FALSE,7,0,FALSE,FALSE,-1,0,0,1,0,0,0,0,1,19,6
itrust,5,UC5S1,FALSE,FALSE,FALSE,FALSE,FALSE,FALSE,FALSE,FALSE,0,0,0,1,0,UC5,TRUE,2,0,FALSE,FALSE,-1,1,8,0,0,1,0,1,0,21,5
itrust,5,UC5S2,FALSE,FALSE,FALSE,FALSE,FALSE,FALSE,FALSE,FALSE,0,0,0,1,0,UC5,TRUE,2,0,FALSE,FALSE,-1,1,8,0,0,1,0,1,0,52,12
itrust,6,UC6S1,FALSE,FALSE,FALSE,FALSE,FALSE,FALSE,FALSE,FALSE,0,0,0,0,0,UC6,TRUE,6,0,FALSE,FALSE,1,3,24,0,0,0,0,1,0.5,29,8
itrust,6,UC6S2,FALSE,FALSE,FALSE,FALSE,FALSE,FALSE,FALSE,FALSE,0,0,0,0,0,UC6,TRUE,6,0,FALSE,FALSE,-1,3,24,1,0,0,0,0,0,19,5
itrust,6,UC6S3,FALSE,FALSE,FALSE,FALSE,FALSE,FALSE,FALSE,FALSE,0,0,0.6666666666666666,0,0,UC6,TRUE,6,0,FALSE,FALSE,1,2,12,0,0.3333333333333333,0,0,0,0,27,6
itrust,8,UC8S1,FALSE,FALSE,FALSE,FALSE,FALSE,FALSE,FALSE,FALSE,0,0,0,0,0,UC8,TRUE,2,0,FALSE,FALSE,-1,2,8,0,0,1,0,1,0,19,5
itrust,8,UC8S2,FALSE,FALSE,FALSE,FALSE,FALSE,FALSE,FALSE,FALSE,0,0,0,0,0,UC8,TRUE,2,0,FALSE,FALSE,-1,2,8,0,0,0,0,1,0,60,15
itrust,9,UC9S1,FALSE,TRUE,FALSE,FALSE,FALSE,FALSE,FALSE,FALSE,0,0,0,0,0,UC9,TRUE,4,0,FALSE,FALSE,1,5,10,1,0,0.5,0,0,0.5,64,17
itrust,9,UC9S2,FALSE,FALSE,FALSE,FALSE,FALSE,FALSE,FALSE,FALSE,0,0,0,0,0,UC9,TRUE,4,0,FALSE,FALSE,0,2,5,0.5,0,0,0,0,0,127,21
itrust,10,UC10S1,FALSE,FALSE,TRUE,FALSE,FALSE,FALSE,FALSE,FALSE,0,0,0,0,0,UC10,FALSE,9,0,FALSE,FALSE,1,7,32,0.25,0,0,0,0,0,77,19
itrust,10,UC10S2,FALSE,TRUE,FALSE,FALSE,FALSE,FALSE,FALSE,FALSE,0,0,0,0,0.5,UC10,FALSE,9,0,FALSE,FALSE,1,1,8,0,0,0.5,0,0.5,0,54,13
itrust,10,UC10E1,FALSE,FALSE,FALSE,FALSE,FALSE,FALSE,FALSE,FALSE,0,0,0,0,0,UC10,FALSE,9,0,FALSE,FALSE,-1,2,32,0,0,0,0,0,0,17,2
itrust,10,UC10E2,FALSE,FALSE,FALSE,FALSE,FALSE,FALSE,FALSE,FALSE,0,0,0,0,0,UC10,FALSE,9,0,FALSE,FALSE,0,2,32,0,0,0,0,0,1,16,2
itrust,11,UC11S1,FALSE,FALSE,FALSE,FALSE,FALSE,FALSE,FALSE,FALSE,0,0.16666666666666666,0,0.16666666666666666,0,UC11,FALSE,11,0,FALSE,FALSE,0,3,10,0.5,0,0.1666666666666666,0,0.3333333333333333,0,101,22
itrust,11,UC11S2,FALSE,FALSE,FALSE,FALSE,FALSE,FALSE,FALSE,FALSE,0,0,0,0,0,UC11,FALSE,11,0,FALSE,FALSE,1,3,10,0.5,0,0,0,0.5,0,45,6
itrust,11,UC11E1,FALSE,FALSE,FALSE,FALSE,FALSE,FALSE,FALSE,FALSE,0,0,0,0,0,UC11,FALSE,11,0,FALSE,FALSE,-1,2,32,0,0,0,0,0,0,15,2
itrust,11,UC11E2,FALSE,FALSE,FALSE,FALSE,FALSE,FALSE,FALSE,FALSE,0,0,0,0,0,UC11,FALSE,11,0,FALSE,FALSE,0,2,32,0,0,0,0,0,1,16,2
itrust,12,UC12,FALSE,FALSE,FALSE,FALSE,FALSE,FALSE,FALSE,FALSE,0,0,0,0,0,UC12,TRUE,2,0,FALSE,FALSE,1,1,8,0,0,0,0,0,0,56,14
itrust,13,UC13,FALSE,FALSE,FALSE,FALSE,FALSE,FALSE,FALSE,FALSE,0,0,0,0,0,UC13,FALSE,2,0,FALSE,FALSE,-1,3,32,0,0,0,0,0,0,31,6
itrust,13,UC13E1,FALSE,FALSE,FALSE,FALSE,FALSE,FALSE,FALSE,FALSE,0,0,0,0,0,UC13,FALSE,2,0,FALSE,FALSE,-1,2,32,0,0,0,0,0,0,17,2
itrust,15,UC15S1,FALSE,FALSE,FALSE,FALSE,FALSE,FALSE,FALSE,FALSE,0,0,0,0,0,UC15,FALSE,10,0,FALSE,FALSE,1,2,1,0.5,0,0,0,0,0,81,18
itrust,15,UC15S2,FALSE,FALSE,FALSE,FALSE,FALSE,FALSE,FALSE,FALSE,0,0,0,0,0,UC15,FALSE,10,0,FALSE,FALSE,0.5,2,1,0.3333333333333333,0,0,0,0,0,59,18
itrust,15,UC15S3,FALSE,FALSE,FALSE,FALSE,FALSE,FALSE,FALSE,FALSE,0,0,0,0,0,UC15,FALSE,10,0,FALSE,FALSE,1,2,1,0.5,0,0,0,0,0,41,9
itrust,15,UC15S4,FALSE,FALSE,FALSE,FALSE,FALSE,FALSE,FALSE,FALSE,0,0,0,0,0,UC15,FALSE,10,0,FALSE,FALSE,1,2,1,0,0,0,0,0,0,47,11
itrust,15,UC15E1,FALSE,FALSE,FALSE,FALSE,FALSE,FALSE,FALSE,FALSE,0,0,0,0,0,UC15,FALSE,10,0,FALSE,FALSE,-1,4,1,0,0,0,0,0,0,14,2
itrust,16,UC16,FALSE,FALSE,FALSE,FALSE,FALSE,FALSE,FALSE,FALSE,0,0,0,0,0.2,UC16,FALSE,6,0,FALSE,FALSE,1,6,4,0,0,0.4,0,0.2,0,34,7
itrust,16,UC16E1,FALSE,FALSE,FALSE,FALSE,FALSE,FALSE,FALSE,FALSE,0,0,0,0,0,UC16,FALSE,6,0,FALSE,FALSE,-1,0,0,1,0,0,0,1,1,38,8
itrust,17,UC17S1,FALSE,TRUE,FALSE,FALSE,FALSE,FALSE,FALSE,FALSE,0,0,0,0,1,UC17,TRUE,4,0,FALSE,FALSE,-1,2,3,0,0,0,0,1,1,64,12
itrust,17,UC17S2,FALSE,TRUE,FALSE,FALSE,FALSE,FALSE,FALSE,FALSE,0,0,0,0,1,UC17,TRUE,4,0,FALSE,FALSE,-1,2,3,0,0,1,0,0,1,59,9
itrust,17,UC17S3,FALSE,TRUE,FALSE,FALSE,FALSE,FALSE,FALSE,FALSE,0,0,0,0,1,UC17,TRUE,4,0,FALSE,FALSE,1,2,3,0.5,0,0,0,0,1,20,5
itrust,18,UC18S1,FALSE,FALSE,FALSE,FALSE,FALSE,FALSE,FALSE,FALSE,0,0,0,0,0,UC18,FALSE,5,0,FALSE,FALSE,-1,2,3,0,0,0,0,0,0,33,8
itrust,18,UC18S2,FALSE,FALSE,FALSE,FALSE,FALSE,FALSE,FALSE,FALSE,0.5,0,0.5,0,0.5,UC18,FALSE,5,0,FALSE,FALSE,1,2,3,0,0,0.5,0,0.5,0.5,27,6
itrust,18,UC18E1,FALSE,FALSE,FALSE,FALSE,FALSE,FALSE,FALSE,FALSE,0,0,0,0,0,UC18,FALSE,5,0,FALSE,FALSE,-1,1,2,0,0,0,0,0,0,14,2
itrust,18,UC18E2,FALSE,FALSE,FALSE,FALSE,FALSE,FALSE,FALSE,FALSE,0,0,0,0,0,UC18,FALSE,5,0,FALSE,FALSE,-1,1,2,0,0,0,0,0,0,14,2
itrust,19,UC19S1,FALSE,FALSE,FALSE,FALSE,FALSE,FALSE,FALSE,FALSE,0,0,0,0,0,UC19,FALSE,9,0,FALSE,FALSE,1,3,24,0.5,0,0,0.5,0.5,0,49,10
itrust,19,UC19S2,FALSE,FALSE,FALSE,FALSE,FALSE,FALSE,FALSE,FALSE,0,0,0,0,0,UC19,FALSE,9,0,FALSE,FALSE,1,2,24,0,0,0.5,0.5,0.5,0,31,7
itrust,19,UC19S3,FALSE,FALSE,FALSE,FALSE,FALSE,FALSE,FALSE,FALSE,0,0,0,0,1,UC19,FALSE,9,0,FALSE,FALSE,1,0,0,0.5,0,0,0,0.5,0,29,10
itrust,19,UC19E1,FALSE,FALSE,FALSE,FALSE,FALSE,FALSE,FALSE,FALSE,0,0,0,0,0,UC19,FALSE,9,0,FALSE,FALSE,-1,2,32,0,0,0,0,0,0,15,2
itrust,19,UC19E2,FALSE,FALSE,FALSE,FALSE,FALSE,FALSE,FALSE,FALSE,0,0,0,0,0,UC19,FALSE,9,0,FALSE,FALSE,0,2,32,0,0,0,0,0,1,14,2
itrust,21,UC21S1,FALSE,TRUE,FALSE,FALSE,FALSE,FALSE,FALSE,FALSE,0,0,0,0,0,UC21,FALSE,4,0,FALSE,FALSE,-1,3,24,0,0,0,0,0,0,18,5
itrust,21,UC21E1,FALSE,FALSE,FALSE,FALSE,FALSE,FALSE,FALSE,FALSE,0,0,0,0,0,UC21,FALSE,4,0,FALSE,FALSE,-1,2,32,0,0,0,0,0,0,15,2
itrust,21,UC21E2,FALSE,FALSE,FALSE,FALSE,FALSE,FALSE,FALSE,FALSE,0,0,0,0,0,UC21,FALSE,4,0,FALSE,FALSE,0,2,32,0,0,0,0,0,1,16,3
itrust,22,UC22S1,FALSE,TRUE,FALSE,FALSE,FALSE,FALSE,FALSE,FALSE,0,0,0,0,0.6666666666666666,UC22,FALSE,14,0,TRUE,FALSE,1,0,0,0.6666666666666666,0,0.3333333333333333,0,0.3333333333333333,0.6666666666666666,55,11
itrust,22,UC22S2,FALSE,TRUE,FALSE,FALSE,FALSE,FALSE,FALSE,FALSE,0,0.3333333333333333,0,0,0,UC22,FALSE,14,0,TRUE,FALSE,1,0,0,0.3333333333333333,0,0,0,0.6666666666666666,0,53,12
itrust,22,UC22S3,FALSE,TRUE,FALSE,FALSE,FALSE,FALSE,FALSE,FALSE,0,0.16666666666666666,0,0,0.5,UC22,FALSE,14,0,TRUE,FALSE,1,0,0,0.3333333333333333,0,0.1666666666666666,0,0,0,47,12
itrust,22,UC22E1,FALSE,TRUE,FALSE,FALSE,FALSE,FALSE,FALSE,FALSE,0,0,0,0,0,UC22,FALSE,14,0,TRUE,FALSE,-1,0,0,0,0,0,0,0,0,12,2
itrust,22,UC22E2,FALSE,TRUE,FALSE,FALSE,FALSE,FALSE,FALSE,FALSE,0,0,0,0,0,UC22,FALSE,14,0,TRUE,FALSE,-1,0,0,0,0,0,0,0,0,22,5
itrust,23,UC23S1,FALSE,TRUE,FALSE,FALSE,FALSE,FALSE,FALSE,FALSE,0,0,0,0,0,UC23,FALSE,7,0,FALSE,FALSE,-1,2,32,1,0,0,0,0,0,24,4
itrust,23,UC23S3,FALSE,FALSE,FALSE,FALSE,FALSE,FALSE,FALSE,FALSE,0,0,0,0,0.5,UC23,FALSE,7,0,FALSE,FALSE,1,9,24,0.5,0,0,0,0.5,0.5,133,34
itrust,23,UC23S4,FALSE,FALSE,FALSE,FALSE,FALSE,FALSE,FALSE,FALSE,0,0,0,0,0,UC23,FALSE,7,0,FALSE,FALSE,-1,2,4,1,0,0,0,0,0,25,9
itrust,23,UC23E1,FALSE,FALSE,FALSE,FALSE,FALSE,FALSE,FALSE,FALSE,0,0,0,0,0,UC23,FALSE,7,0,FALSE,FALSE,-1,2,32,0,0,0,0,0,0,13,2
itrust,23,UC23E2,FALSE,FALSE,FALSE,FALSE,FALSE,FALSE,FALSE,FALSE,0,0,0,0,0,UC23,FALSE,7,0,FALSE,FALSE,0,2,32,0,0,0,0,0,1,12,2
itrust,24,UC24,FALSE,FALSE,FALSE,FALSE,FALSE,FALSE,FALSE,FALSE,0,0,0,0.2,0.6,UC24,TRUE,5,0,FALSE,FALSE,0.25,2,1,0,0,0.6,0,0,0,31,6
itrust,25,UC25,FALSE,FALSE,FALSE,FALSE,FALSE,FALSE,FALSE,FALSE,0,0.3333333333333333,0,0,0,UC25,FALSE,5,0,FALSE,FALSE,1,3,3,0.3333333333333333,0,0,0,0.3333333333333333,0,94,28
itrust,25,UC25E1,FALSE,FALSE,FALSE,FALSE,FALSE,FALSE,FALSE,FALSE,0,0,0,0,0,UC25,FALSE,5,0,FALSE,FALSE,0,0,0,0,0,0,0,0.5,0.5,15,3
itrust,26,UC26S1,FALSE,FALSE,FALSE,FALSE,FALSE,FALSE,FALSE,FALSE,0,0,0.25,0,0,UC26,FALSE,16,0,FALSE,FALSE,1,2,8,0.25,0,0,0,0,0,55,9
itrust,26,UC26S2,FALSE,FALSE,FALSE,FALSE,FALSE,FALSE,FALSE,FALSE,0,0,0,0,0.5,UC26,FALSE,16,0,FALSE,FALSE,1,6,32,0,0,0,0,0,0,23,6
itrust,26,UC26S3,FALSE,FALSE,FALSE,FALSE,FALSE,FALSE,FALSE,FALSE,0,0,0.3333333333333333,0,0,UC26,FALSE,16,0,FALSE,FALSE,0.5,4,32,0.3333333333333333,0,0,0,0,0.3333333333333333,39,9
itrust,26,UC26S4,FALSE,FALSE,FALSE,FALSE,FALSE,FALSE,FALSE,FALSE,0,0,0,0,0,UC26,FALSE,16,0,FALSE,FALSE,1,1,8,0,0,0,0,0.3333333333333333,0,20,4
itrust,26,UC26E1,FALSE,FALSE,FALSE,FALSE,FALSE,FALSE,FALSE,FALSE,0,0,0,0,0,UC26,FALSE,16,0,FALSE,FALSE,1,2,32,0,0,0,0,0,0.5,12,2
itrust,26,UC26E2,FALSE,FALSE,FALSE,FALSE,FALSE,FALSE,FALSE,FALSE,0,0,0,0,0,UC26,FALSE,16,0,FALSE,FALSE,1,2,32,0,0,0,0,0,0.5,11,2
itrust,27,UC27S1,FALSE,FALSE,FALSE,FALSE,FALSE,FALSE,FALSE,FALSE,0,0,0,0,0,UC27,TRUE,4,0,FALSE,FALSE,1,2,13,0,0,0,0,0,0,22,6
itrust,27,UC27S2,FALSE,FALSE,FALSE,FALSE,FALSE,FALSE,FALSE,FALSE,0,0,0,0,0,UC27,TRUE,4,0,FALSE,FALSE,1,2,13,0,0,0,0,0.5,0,17,4
itrust,28,UC28,FALSE,FALSE,FALSE,FALSE,FALSE,FALSE,FALSE,FALSE,0,0.3333333333333333,0,0,0.6666666666666666,UC28,TRUE,3,0,FALSE,FALSE,1,3,24,0.3333333333333333,0,0,0,0.3333333333333333,0,20,6
itrust,29,UC29,FALSE,FALSE,FALSE,FALSE,FALSE,FALSE,TRUE,FALSE,0,0,0,0,0.4,UC29,TRUE,5,0,FALSE,FALSE,1,5,24,0.4,0,0.2,0.2,0.4,0,90,22
itrust,30,UC30S1,FALSE,FALSE,FALSE,FALSE,FALSE,FALSE,FALSE,FALSE,0,0.2857142857142857,0,0,0,UC30,FALSE,48,0,FALSE,FALSE,1,3,13,0.5714285714285714,0,0.1428571428571428,0,0.4285714285714285,0,37,9
itrust,30,UC30S2,FALSE,FALSE,FALSE,FALSE,FALSE,FALSE,FALSE,FALSE,0,0.16666666666666666,0,0,0,UC30,FALSE,48,0,FALSE,FALSE,0.8,4,32,0.3333333333333333,0,0.1666666666666666,0,0.3333333333333333,0,55,13
itrust,30,UC30S3,FALSE,FALSE,FALSE,FALSE,FALSE,FALSE,FALSE,FALSE,0,0.14285714285714285,0,0,0,UC30,FALSE,48,0,FALSE,FALSE,1,3,5,0.4285714285714285,0,0,0,0.1428571428571428,0,35,8
itrust,30,UC30S4,FALSE,FALSE,FALSE,FALSE,FALSE,FALSE,FALSE,FALSE,0,0.14285714285714285,0,0,0,UC30,FALSE,48,0,FALSE,FALSE,1,3,5,0.2857142857142857,0,0,0,0.1428571428571428,0,34,8
itrust,30,UC30S5,FALSE,FALSE,FALSE,FALSE,FALSE,FALSE,FALSE,FALSE,0,0.2857142857142857,0,0,0,UC30,FALSE,48,0,FALSE,FALSE,1,2,5,0,0,0.2857142857142857,0,0.1428571428571428,0.1428571428571428,58,14
itrust,30,UC30S6,FALSE,FALSE,FALSE,FALSE,FALSE,FALSE,FALSE,FALSE,0,0.25,0,0,0.25,UC30,FALSE,48,0,FALSE,FALSE,1,0,0,0.75,0,0.5,0,0.25,0.25,60,14
itrust,30,UC30S7,FALSE,FALSE,FALSE,FALSE,FALSE,FALSE,FALSE,FALSE,0,0,0,0,0.5714285714285714,UC30,FALSE,48,0,FALSE,FALSE,0.8333333333333334,0,0,0.2857142857142857,0,0.2857142857142857,0,0.2857142857142857,0.1428571428571428,116,23
itrust,30,UC30E1,FALSE,FALSE,FALSE,FALSE,FALSE,FALSE,FALSE,FALSE,0,0,0,0,0,UC30,FALSE,48,0,FALSE,FALSE,-1,2,32,0,0,0,0,0,0,15,2
itrust,30,UC30E2,FALSE,FALSE,FALSE,FALSE,FALSE,FALSE,FALSE,FALSE,0,0,0,0,0,UC30,FALSE,48,0,FALSE,FALSE,0,2,32,0,0,0,0,0,1,14,2
itrust,31,UC31S1,FALSE,FALSE,FALSE,FALSE,FALSE,FALSE,FALSE,FALSE,0,0,0,0,0.6666666666666666,UC31,TRUE,4,0,FALSE,FALSE,1,3,24,0.3333333333333333,0,0.3333333333333333,0,0.6666666666666666,0,56,14
itrust,31,UC31S2,FALSE,FALSE,FALSE,FALSE,FALSE,FALSE,FALSE,FALSE,0,0,1,0,0,UC31,TRUE,4,0,FALSE,FALSE,-1,0,0,0,0,0,0,0,1,91,22
itrust,32,UC32S1,FALSE,TRUE,FALSE,FALSE,FALSE,FALSE,FALSE,FALSE,0,0,0,0,1,UC32,FALSE,7,0,FALSE,FALSE,-1,0,0,1,0,0,0,1,0,69,10
itrust,32,UC32S2,FALSE,FALSE,FALSE,FALSE,FALSE,FALSE,FALSE,FALSE,0,0,0,0,0.8,UC32,FALSE,7,0,FALSE,FALSE,1,3,24,0,0,0.2,0,0.6,0,49,10
itrust,32,UC32E1,FALSE,FALSE,FALSE,FALSE,FALSE,FALSE,FALSE,FALSE,0,0,0,0,0,UC32,FALSE,7,0,FALSE,FALSE,-1,0,0,0,0,1,0,1,0,16,3
itrust,33,UC33S1,FALSE,FALSE,FALSE,FALSE,FALSE,FALSE,FALSE,FALSE,0,0,0.16666666666666666,0,0,UC33,FALSE,15,0,FALSE,FALSE,0.8,4,24,0.1666666666666666,0,0.1666666666666666,0,0.1666666666666666,0,61,16
itrust,33,UC33S2,FALSE,FALSE,FALSE,FALSE,FALSE,FALSE,FALSE,FALSE,0,0,0,0,0,UC33,FALSE,15,0,FALSE,FALSE,1,4,24,0,0,0,0,0.6666666666666666,0,56,14
itrust,33,UC33S3,FALSE,FALSE,FALSE,FALSE,FALSE,FALSE,FALSE,FALSE,0,0,0,0,0,UC33,FALSE,15,0,FALSE,FALSE,1,0,0,0,0,0,0,0,0,38,9
itrust,33,UC33E1,FALSE,FALSE,FALSE,FALSE,FALSE,FALSE,FALSE,FALSE,0,0,0,0,0,UC33,FALSE,15,0,FALSE,FALSE,1,0,0,0,0,0,0,0,1,15,2
itrust,33,UC33E2,FALSE,FALSE,FALSE,FALSE,FALSE,FALSE,FALSE,FALSE,0,0,0,0,0,UC33,FALSE,15,0,FALSE,FALSE,-1,0,0,0,0,0,0,1,0,26,6
itrust,34,UC34S1,FALSE,FALSE,FALSE,TRUE,FALSE,FALSE,FALSE,FALSE,0,0,0,0,0,UC34,FALSE,36,0,FALSE,FALSE,1,4,32,0.3333333333333333,0,0.5,0,0.3333333333333333,0,42,11
itrust,34,UC34S2,FALSE,FALSE,FALSE,FALSE,FALSE,FALSE,FALSE,FALSE,0,0,0,0.3333333333333333,0,UC34,FALSE,36,0,FALSE,FALSE,0,2,7,0.3333333333333333,0,0,0,0.3333333333333333,0,25,5
itrust,34,UC34S3,FALSE,FALSE,FALSE,FALSE,FALSE,FALSE,FALSE,FALSE,0,0,0,0,0,UC34,FALSE,36,0,FALSE,FALSE,0.5,3,32,0.2,0,0,0,0.2,0,53,13
itrust,34,UC34S4,FALSE,FALSE,FALSE,FALSE,FALSE,FALSE,FALSE,FALSE,0,0,0,0,0,UC34,FALSE,36,0,FALSE,FALSE,0.5,3,24,0.6666666666666666,0.3333333333333333,0.3333333333333333,0,0.6666666666666666,0,68,17
itrust,34,UC34S5,FALSE,FALSE,FALSE,FALSE,FALSE,FALSE,FALSE,FALSE,0,0,0,0.16666666666666666,0,UC34,FALSE,36,0,FALSE,FALSE,0.8,4,32,0.1666666666666666,0,0,0,0.3333333333333333,0,36,10
itrust,34,UC34S6,FALSE,FALSE,FALSE,FALSE,FALSE,FALSE,FALSE,FALSE,0,0,0,0.16666666666666666,0,UC34,FALSE,36,0,FALSE,FALSE,0.8,4,24,0.3333333333333333,0,0,0,0.5,0,36,10
itrust,34,UC34E1,FALSE,FALSE,FALSE,FALSE,FALSE,FALSE,FALSE,FALSE,0,0,0,0,0,UC34,FALSE,36,0,FALSE,FALSE,0,2,32,0,0,0,0,0,1,14,2
itrust,34,UC34E2,FALSE,FALSE,FALSE,FALSE,FALSE,FALSE,FALSE,FALSE,0,0,0,0,0,UC34,FALSE,36,0,FALSE,FALSE,0,1,2,0,0,0,0,0.5,0,31,7
itrust,34,UC34E3,FALSE,FALSE,FALSE,FALSE,FALSE,FALSE,FALSE,FALSE,0,0,0,0,0,UC34,FALSE,36,0,FALSE,FALSE,0,1,2,0,0,0,0,0.5,0,19,5
itrust,34,UC34E4,FALSE,FALSE,FALSE,FALSE,FALSE,FALSE,FALSE,FALSE,0,0,0,0,0,UC34,FALSE,36,0,FALSE,FALSE,-1,1,7,0,0,0,0,0,1,30,6
itrust,35,UC35S1,FALSE,FALSE,FALSE,FALSE,FALSE,FALSE,FALSE,FALSE,0,0,0,0,0,UC35,TRUE,8,0,FALSE,FALSE,1,5,24,1,0,0,0,0.5,0,28,8
itrust,35,UC35S2,FALSE,FALSE,FALSE,FALSE,FALSE,FALSE,FALSE,FALSE,0,0,0,0,0,UC35,TRUE,8,0,FALSE,FALSE,1,5,13,1,0,0,0,0.5,0,24,8
itrust,36,UC36S1,FALSE,FALSE,FALSE,FALSE,FALSE,FALSE,FALSE,FALSE,0,0,0,0,0,UC36,TRUE,10,0,FALSE,FALSE,1,4,24,0.25,0,0.25,0.25,0.25,0.25,35,7
itrust,36,UC36S2,FALSE,FALSE,FALSE,FALSE,FALSE,FALSE,FALSE,FALSE,0,0,0,0,0,UC36,TRUE,10,0,FALSE,FALSE,1,4,24,0.25,0,0.25,0.25,0.25,0.25,35,7
itrust,36,UC36S3,FALSE,FALSE,FALSE,FALSE,FALSE,FALSE,FALSE,FALSE,0,0,0,0,0,UC36,TRUE,10,0,FALSE,FALSE,1,6,13,0,0,0,0,0,0,33,8
itrust,37,UC37S1,FALSE,FALSE,FALSE,FALSE,FALSE,FALSE,FALSE,FALSE,0,0,0,0,0,UC37,TRUE,6,0,FALSE,FALSE,1,2,6,0,0,0,0,0.5,0,15,2
itrust,37,UC37S2,FALSE,FALSE,FALSE,FALSE,FALSE,FALSE,FALSE,FALSE,0,0,0,0,0,UC37,TRUE,6,0,FALSE,FALSE,1,3,10,0,0,0,0,0.5,0,19,4
itrust,37,UC37S3,FALSE,FALSE,FALSE,FALSE,FALSE,FALSE,FALSE,FALSE,0,0,0,0,0,UC37,TRUE,6,0,FALSE,FALSE,0,3,24,0.5,0,0,0,0.5,0,36,11
itrust,38,UC38S1,FALSE,TRUE,FALSE,FALSE,FALSE,FALSE,FALSE,FALSE,0,0,0,0.3333333333333333,0,UC38,TRUE,5,0,FALSE,FALSE,1,2,3,0,0,0,0,0.3333333333333333,0,20,5
itrust,38,UC38S2,FALSE,TRUE,FALSE,FALSE,FALSE,FALSE,FALSE,FALSE,0,0,0,0,0,UC38,TRUE,5,0,FALSE,FALSE,1,2,3,0,0,0,0,0,0,19,5
itrust,40,UC40S1,FALSE,FALSE,FALSE,FALSE,FALSE,FALSE,FALSE,FALSE,0,0,0,0,0,UC40,TRUE,19,0,TRUE,FALSE,1,0,0,0.3333333333333333,0,0,0,0,0,27,7
itrust,40,UC40S2,FALSE,FALSE,FALSE,TRUE,FALSE,FALSE,FALSE,FALSE,0,0,0,0,0.3333333333333333,UC40,TRUE,19,0,TRUE,FALSE,1,0,0,0.2222222222222222,0,0.3333333333333333,0,0.2222222222222222,0,48,10
itrust,40,UC40S3,FALSE,FALSE,FALSE,FALSE,FALSE,FALSE,FALSE,FALSE,0,0.5,0,0,1,UC40,TRUE,19,0,TRUE,FALSE,1,0,0,0.5,0,0.5,0,0,0,37,8
itrust,40,UC40S4,FALSE,FALSE,FALSE,FALSE,FALSE,FALSE,FALSE,FALSE,0,0,0,0,0,UC40,TRUE,19,0,TRUE,FALSE,-1,0,0,1,0,0,0,0,0,88,20
itrust,40,UC40S5,FALSE,FALSE,FALSE,FALSE,FALSE,FALSE,FALSE,FALSE,0,0,0,0,0,UC40,TRUE,19,0,TRUE,FALSE,1,0,0,1,0,0.5,0,0,0,92,23
itrust,40,UC40S6,FALSE,FALSE,FALSE,FALSE,FALSE,FALSE,FALSE,FALSE,0,0,0,0,0,UC40,TRUE,19,0,TRUE,FALSE,-1,0,0,1,0,0,0,0,0,81,20
itrust,40,UC40S7,FALSE,FALSE,FALSE,FALSE,FALSE,FALSE,FALSE,FALSE,0,0,0,0,0,UC40,TRUE,19,0,TRUE,FALSE,-1,0,0,1,0,0,0,1,0,68,16
